0.000000000000000000e+00,-2.077284693715050867e+00
1.000000000000000000e+00,6.415775351634277479e-01
2.000000000000000000e+00,-9.322929670023745174e-01
3.000000000000000000e+00,2.037805586840925720e+00
4.000000000000000000e+00,-1.204076968357261190e+00
5.000000000000000000e+00,2.254972978136488004e-01
6.000000000000000000e+00,8.987725472554354278e-01
7.000000000000000000e+00,8.523572932783701761e-01
8.000000000000000000e+00,-7.231591517876108099e-01
9.000000000000000000e+00,-1.008150579607281605e+00
1.000000000000000000e+01,-8.820901211816886134e-01
1.100000000000000000e+01,-2.373918547989470329e-01
1.200000000000000000e+01,8.882828237305090413e-01
1.300000000000000000e+01,-1.808219450949403395e+00
1.400000000000000000e+01,-2.358948493124173595e-01
1.500000000000000000e+01,1.840932826100382391e-01
1.600000000000000000e+01,5.327553131514690676e-01
1.700000000000000000e+01,1.577912406153829883e+00
1.800000000000000000e+01,1.669505145016219327e-01
1.900000000000000000e+01,-7.105012038025162457e-01
2.000000000000000000e+01,1.202832317524460848e+00
2.100000000000000000e+01,2.658310622534123091e+00
2.200000000000000000e+01,1.351863096923396901e+00
2.300000000000000000e+01,-3.584552367561336661e-01
2.400000000000000000e+01,-1.265617650872891797e+00
2.500000000000000000e+01,2.443900040088002046e-01
2.600000000000000000e+01,-1.597168148169112456e-01
2.700000000000000000e+01,4.484326611513793082e-01
2.800000000000000000e+01,7.308892459537258413e-01
2.900000000000000000e+01,7.055132017529478494e-01
3.000000000000000000e+01,-4.249440781487727747e-01
3.100000000000000000e+01,3.114798989362049242e-01
3.200000000000000000e+01,-3.010490651246117699e-01
3.300000000000000000e+01,1.214898651488692582e+00
3.400000000000000000e+01,-1.088263359911141759e+00
3.500000000000000000e+01,1.150794203920999514e+00
3.600000000000000000e+01,1.217798997354111901e+00
3.700000000000000000e+01,1.227389884403244480e+00
3.800000000000000000e+01,1.750111746962302650e+00
3.900000000000000000e+01,-1.304647020694680304e+00
4.000000000000000000e+01,-1.809370615893329814e-02
4.100000000000000000e+01,7.006883234466265709e-02
4.200000000000000000e+01,5.714154649668852226e-01
4.300000000000000000e+01,6.640898909583845544e-01
4.400000000000000000e+01,-3.874981146216601724e-01
4.500000000000000000e+01,5.023375170499189135e-01
4.600000000000000000e+01,2.514412445210538305e+00
4.700000000000000000e+01,6.725818912773606773e-01
4.800000000000000000e+01,1.412632799354462954e-01
4.900000000000000000e+01,2.138337167950063566e+00
5.000000000000000000e+01,1.668311241485262997e-01
5.100000000000000000e+01,-1.563423885506548094e+00
5.200000000000000000e+01,4.432701136327493185e-01
5.300000000000000000e+01,-2.793385045961032098e-01
5.400000000000000000e+01,1.467546444632275904e+00
5.500000000000000000e+01,1.032285307913856309e+00
5.600000000000000000e+01,1.241787271610583776e-02
5.700000000000000000e+01,-7.116682310330918471e-01
5.800000000000000000e+01,-4.695468410829611861e-01
5.900000000000000000e+01,1.517540946067954089e+00
6.000000000000000000e+01,-2.777683703942188664e-01
6.100000000000000000e+01,-8.179302098455520920e-02
6.200000000000000000e+01,-6.086818756115319751e-02
6.300000000000000000e+01,1.106020441879341121e+00
6.400000000000000000e+01,2.227886125216845592e+00
6.500000000000000000e+01,2.732406651006402676e-01
6.600000000000000000e+01,1.194380275223746457e+00
6.700000000000000000e+01,1.227885704278895318e+00
6.800000000000000000e+01,-1.100980928156354288e-01
6.900000000000000000e+01,1.501993612832669189e+00
7.000000000000000000e+01,-6.409322128514300942e-01
7.100000000000000000e+01,6.367092102510145679e-01
7.200000000000000000e+01,9.538340802732220292e-01
7.300000000000000000e+01,3.036170807420210949e+00
7.400000000000000000e+01,2.756680513046509962e+00
7.500000000000000000e+01,1.484480995364856559e+00
7.600000000000000000e+01,7.539643433423731667e-01
7.700000000000000000e+01,2.780772728140171068e+00
7.800000000000000000e+01,7.560084758454865828e-02
7.900000000000000000e+01,2.606040730008395201e+00
8.000000000000000000e+01,2.408211465589555456e+00
8.100000000000000000e+01,1.976305357352946768e+00
8.200000000000000000e+01,2.905637078365884474e+00
8.300000000000000000e+01,3.733303002655581349e+00
8.400000000000000000e+01,3.119790827515882103e+00
8.500000000000000000e+01,1.796159774142386478e+00
8.600000000000000000e+01,2.367133039304700759e-01
8.700000000000000000e+01,2.347471191630086551e+00
8.800000000000000000e+01,2.739372229044141349e+00
8.900000000000000000e+01,2.104466005206580448e+00
9.000000000000000000e+01,2.746183246983688875e+00
9.100000000000000000e+01,3.176708341815208669e+00
9.200000000000000000e+01,1.059779959617234146e+00
9.300000000000000000e+01,2.469612823728081441e+00
9.400000000000000000e+01,2.229762784067664150e+00
9.500000000000000000e+01,1.760765705346525101e+00
9.600000000000000000e+01,1.178278927754589978e+00
9.700000000000000000e+01,2.187293650628800545e+00
9.800000000000000000e+01,1.617252788752601145e+00
9.900000000000000000e+01,1.552049321035137375e+00
1.000000000000000000e+02,2.468956963757312550e+00
1.010000000000000000e+02,3.053449394680491924e+00
1.020000000000000000e+02,2.249294459245984257e+00
1.030000000000000000e+02,3.298416525916309183e+00
1.040000000000000000e+02,4.172188328733893670e+00
1.050000000000000000e+02,1.094604375886950365e+00
1.060000000000000000e+02,1.578333627764898717e+00
1.070000000000000000e+02,2.870752009943912331e+00
1.080000000000000000e+02,4.065136603014032346e+00
1.090000000000000000e+02,2.172684173944777530e+00
1.100000000000000000e+02,2.290702669336988073e+00
1.110000000000000000e+02,5.324843023635441597e+00
1.120000000000000000e+02,2.956580085829150217e+00
1.130000000000000000e+02,2.986973329183389758e+00
1.140000000000000000e+02,-5.074007175725168128e-01
1.150000000000000000e+02,5.584752799633376785e-01
1.160000000000000000e+02,-6.495348484001922662e-01
1.170000000000000000e+02,-1.662094820222588032e+00
1.180000000000000000e+02,-7.671434334569254831e-01
1.190000000000000000e+02,1.095757522408009610e+00
1.200000000000000000e+02,1.593602497025518525e-02
1.210000000000000000e+02,1.607975370450319130e-01
1.220000000000000000e+02,-2.103944201054275265e+00
1.230000000000000000e+02,-2.367687777929531112e+00
1.240000000000000000e+02,1.380651963427675932e+00
1.250000000000000000e+02,9.063002002862541318e-01
1.260000000000000000e+02,3.957510257052108127e-01
1.270000000000000000e+02,3.252898010450666066e-01
1.280000000000000000e+02,-1.649725819782196456e+00
1.290000000000000000e+02,4.699512700233465790e-01
1.300000000000000000e+02,-7.592100017695416758e-01
1.310000000000000000e+02,8.907714013650616658e-02
1.320000000000000000e+02,8.057750042178982719e-01
1.330000000000000000e+02,2.699108218718498237e-02
1.340000000000000000e+02,9.800609390652548214e-01
1.350000000000000000e+02,6.949591531326282379e-01
1.360000000000000000e+02,-1.618622171381940422e-01
1.370000000000000000e+02,-1.220231511714860106e+00
1.380000000000000000e+02,-1.557776949893478147e+00
1.390000000000000000e+02,-4.675968626294085273e-01
1.400000000000000000e+02,1.683869104639494685e+00
1.410000000000000000e+02,2.244683379300264625e-01
1.420000000000000000e+02,-1.483220106072720590e+00
1.430000000000000000e+02,-5.902253579093417191e-01
1.440000000000000000e+02,6.003911891445607996e-01
1.450000000000000000e+02,-7.279965595479032103e-01
1.460000000000000000e+02,-1.018991372574352905e+00
1.470000000000000000e+02,7.199658645615866770e-02
1.480000000000000000e+02,-9.872263237182397067e-01
1.490000000000000000e+02,1.647282994724394323e+00
1.500000000000000000e+02,1.892306857065618964e+00
1.510000000000000000e+02,9.587442078676798596e-02
1.520000000000000000e+02,-2.908364220299780034e-01
1.530000000000000000e+02,-1.648648400984746631e+00
1.540000000000000000e+02,8.320701511014108598e-02
1.550000000000000000e+02,1.575626224061852820e+00
1.560000000000000000e+02,1.741833828994026057e+00
1.570000000000000000e+02,6.563927648342510190e-01
1.580000000000000000e+02,-1.341055561543103847e-01
1.590000000000000000e+02,5.924419733417907175e-01
1.600000000000000000e+02,2.189734193204837531e+00
1.610000000000000000e+02,2.030763850014687399e+00
1.620000000000000000e+02,5.624319443052425704e-01
1.630000000000000000e+02,4.423104611919809748e-01
1.640000000000000000e+02,5.026573658643188058e-02
1.650000000000000000e+02,8.901676179520290333e-01
1.660000000000000000e+02,-2.261381805397376654e-01
1.670000000000000000e+02,-9.260528611559309953e-02
1.680000000000000000e+02,-3.090867986996017613e-01
1.690000000000000000e+02,2.142463556200102648e-02
1.700000000000000000e+02,5.144387844245428276e-01
1.710000000000000000e+02,2.189079115850963042e+00
1.720000000000000000e+02,7.887645808101326761e-01
1.730000000000000000e+02,1.208733459827954881e+00
1.740000000000000000e+02,-7.314434614469239593e-01
1.750000000000000000e+02,-9.428229908857073127e-01
1.760000000000000000e+02,3.931848670380893029e-01
1.770000000000000000e+02,1.139695951270881746e+00
1.780000000000000000e+02,1.003171565915016439e+00
1.790000000000000000e+02,1.637702201520496503e+00
1.800000000000000000e+02,1.228050314152511646e+00
1.810000000000000000e+02,-7.068511256486142980e-01
1.820000000000000000e+02,1.895634513934220333e+00
1.830000000000000000e+02,8.967190325320806288e-02
1.840000000000000000e+02,5.983185211520649638e-01
1.850000000000000000e+02,9.970509702090639692e-01
1.860000000000000000e+02,-6.633066538501476428e-01
1.870000000000000000e+02,2.194174117355745857e+00
1.880000000000000000e+02,1.087329523038726098e+00
1.890000000000000000e+02,1.135782872737333582e+00
1.900000000000000000e+02,-1.455187371873797098e+00
1.910000000000000000e+02,4.026790770764654415e-01
1.920000000000000000e+02,5.864964546367060771e-01
1.930000000000000000e+02,1.779493275771773408e+00
1.940000000000000000e+02,8.957445594759794183e-01
1.950000000000000000e+02,4.387363038263327741e-01
1.960000000000000000e+02,1.365238658746811495e+00
1.970000000000000000e+02,1.377483062635538991e+00
1.980000000000000000e+02,1.025428905110173705e+00
1.990000000000000000e+02,2.025622709790936060e+00
2.000000000000000000e+02,1.537532480568010174e+00
2.010000000000000000e+02,9.389033232232513182e-01
2.020000000000000000e+02,3.459721416202866884e+00
2.030000000000000000e+02,1.218977668257985592e+00
2.040000000000000000e+02,1.939520431023135094e+00
2.050000000000000000e+02,2.314773652933746817e+00
2.060000000000000000e+02,-3.614860919192368627e-01
2.070000000000000000e+02,2.311876922122138911e+00
2.080000000000000000e+02,1.921302940964667361e+00
2.090000000000000000e+02,2.078720048333736248e+00
2.100000000000000000e+02,1.466140709704055078e+00
2.110000000000000000e+02,3.328410802578850802e+00
2.120000000000000000e+02,1.851024016161036734e+00
2.130000000000000000e+02,1.742871045143177922e+00
2.140000000000000000e+02,2.322457670130955609e+00
2.150000000000000000e+02,1.607645582087433356e+00
2.160000000000000000e+02,1.822901660955967174e+00
2.170000000000000000e+02,1.613847972187611113e+00
2.180000000000000000e+02,3.469842393423875571e+00
2.190000000000000000e+02,7.545719911029891147e-01
2.200000000000000000e+02,1.729571241461648423e+00
2.210000000000000000e+02,1.977779780530888987e+00
2.220000000000000000e+02,-4.295767938321617407e-01
2.230000000000000000e+02,1.410388703261613141e+00
2.240000000000000000e+02,1.744176141314550232e+00
2.250000000000000000e+02,2.403290570610006505e+00
2.260000000000000000e+02,2.580184886739581351e+00
2.270000000000000000e+02,2.155844712968367549e+00
2.280000000000000000e+02,1.660995907431159102e+00
2.290000000000000000e+02,3.025084652793067708e+00
2.300000000000000000e+02,2.209264893378395378e+00
2.310000000000000000e+02,3.432934775011027284e+00
2.320000000000000000e+02,2.778585672788681293e+00
2.330000000000000000e+02,3.855774658889466799e+00
2.340000000000000000e+02,9.812946591544260411e-01
2.350000000000000000e+02,1.853872606984764637e+00
2.360000000000000000e+02,1.875061853360321162e+00
2.370000000000000000e+02,3.217251616232680966e+00
2.380000000000000000e+02,2.741517904191407062e+00
2.390000000000000000e+02,1.627514265395396453e+00
2.400000000000000000e+02,1.641614546675230102e+00
2.410000000000000000e+02,2.493974745445275421e+00
2.420000000000000000e+02,6.283321804795232168e-01
2.430000000000000000e+02,3.620821923400157488e-02
2.440000000000000000e+02,-1.953959501537445353e+00
2.450000000000000000e+02,-4.147193549053711514e-01
2.460000000000000000e+02,-5.842717163805619673e-01
2.470000000000000000e+02,-1.829398859917287012e+00
2.480000000000000000e+02,-1.102190597478193701e-01
2.490000000000000000e+02,-4.630618958021499032e-01
2.500000000000000000e+02,9.073584439421287229e-01
2.510000000000000000e+02,1.618156121022502170e+00
2.520000000000000000e+02,2.464469569005441063e-01
2.530000000000000000e+02,1.521425909388969933e+00
2.540000000000000000e+02,-9.714461928430646598e-01
2.550000000000000000e+02,-5.237134434696100183e-01
2.560000000000000000e+02,-1.394653798106308296e+00
2.570000000000000000e+02,-5.079804204124737099e-01
2.580000000000000000e+02,-2.951575483326091542e-01
2.590000000000000000e+02,-6.236905460867530060e-01
2.600000000000000000e+02,-3.666775258389329273e-01
2.610000000000000000e+02,-9.520980403208912923e-01
2.620000000000000000e+02,7.782916842382556766e-01
2.630000000000000000e+02,1.531637444687244276e+00
2.640000000000000000e+02,1.092832009667876081e+00
2.650000000000000000e+02,-4.726184650315810865e-02
2.660000000000000000e+02,-8.105394102470092621e-01
2.670000000000000000e+02,1.009072448487895235e+00
2.680000000000000000e+02,-2.046781827396213060e+00
2.690000000000000000e+02,3.985135439406246038e-01
2.700000000000000000e+02,-3.470900125919653245e+00
2.710000000000000000e+02,1.734416259422207007e+00
2.720000000000000000e+02,2.265987380814759256e+00
2.730000000000000000e+02,1.464188928458533212e+00
2.740000000000000000e+02,-7.747682030072507997e-01
2.750000000000000000e+02,8.600627434741504873e-02
2.760000000000000000e+02,-1.223224110805146481e+00
2.770000000000000000e+02,-7.674767100038485390e-01
2.780000000000000000e+02,-2.054833677450315754e+00
2.790000000000000000e+02,-1.883338800560233062e-01
2.800000000000000000e+02,9.077356458000701567e-01
2.810000000000000000e+02,1.854996454749254509e-01
2.820000000000000000e+02,2.451398462104927012e-01
2.830000000000000000e+02,6.491734299636212069e-02
2.840000000000000000e+02,-1.242073393227667299e+00
2.850000000000000000e+02,1.774798823167117900e+00
2.860000000000000000e+02,-7.611222414813481607e-02
2.870000000000000000e+02,-1.591108571654548109e-01
2.880000000000000000e+02,1.182509109985882656e+00
2.890000000000000000e+02,-3.604426933227405927e-03
2.900000000000000000e+02,2.040841330839331391e-01
2.910000000000000000e+02,5.070988387960273513e-01
2.920000000000000000e+02,5.302710982460849820e-01
2.930000000000000000e+02,7.673936411836492777e-01
2.940000000000000000e+02,-2.090031201508446568e-01
2.950000000000000000e+02,1.229457197714830974e+00
2.960000000000000000e+02,-5.965018553529474188e-01
2.970000000000000000e+02,-4.885200625905041782e-01
2.980000000000000000e+02,8.099208614625561520e-01
2.990000000000000000e+02,6.161528889165146516e-01
3.000000000000000000e+02,-3.676883088004969657e-01
3.010000000000000000e+02,2.971560028446844637e-01
3.020000000000000000e+02,1.087765985779730382e+00
3.030000000000000000e+02,6.907267690902652024e-02
3.040000000000000000e+02,1.363101808926163283e+00
3.050000000000000000e+02,2.408037601277651873e+00
3.060000000000000000e+02,2.055869534214317174e+00
3.070000000000000000e+02,1.818835957339342890e+00
3.080000000000000000e+02,-3.126611556247397283e-01
3.090000000000000000e+02,7.439715945398559516e-01
3.100000000000000000e+02,2.876141591615777315e-02
3.110000000000000000e+02,2.531781808563235980e+00
3.120000000000000000e+02,2.697768602718361164e-01
3.130000000000000000e+02,8.367576804843227523e-01
3.140000000000000000e+02,1.359110714506900797e+00
3.150000000000000000e+02,-2.408935671150851388e-01
3.160000000000000000e+02,2.158252194738508045e-02
3.170000000000000000e+02,3.549708071437041035e-02
3.180000000000000000e+02,-7.352012021538285591e-01
3.190000000000000000e+02,2.002274464680203980e+00
3.200000000000000000e+02,1.271589041674150433e+00
3.210000000000000000e+02,2.346883632765907723e+00
3.220000000000000000e+02,9.024384887778532649e-01
3.230000000000000000e+02,8.310069965261046576e-01
3.240000000000000000e+02,-1.495669757844653169e-02
3.250000000000000000e+02,1.916483345018902273e+00
3.260000000000000000e+02,8.251491677260015534e-01
3.270000000000000000e+02,2.036183756737023565e+00
3.280000000000000000e+02,1.178219392918884889e+00
3.290000000000000000e+02,3.354544018320813059e+00
3.300000000000000000e+02,-4.220661097407363282e-01
3.310000000000000000e+02,3.525112092732905822e+00
3.320000000000000000e+02,1.890621393633674430e+00
3.330000000000000000e+02,8.989942621827411440e-01
3.340000000000000000e+02,8.508884828211309426e-01
3.350000000000000000e+02,2.280266699933312324e+00
3.360000000000000000e+02,2.366202836910280105e+00
3.370000000000000000e+02,2.120142350828647881e+00
3.380000000000000000e+02,1.785345700786027612e+00
3.390000000000000000e+02,1.174894143973844507e+00
3.400000000000000000e+02,3.170683001282961211e-01
3.410000000000000000e+02,1.907344477131428073e+00
3.420000000000000000e+02,1.823541098492591717e+00
3.430000000000000000e+02,1.323463102780497280e+00
3.440000000000000000e+02,3.479780148074367752e+00
3.450000000000000000e+02,2.092938474659765458e+00
3.460000000000000000e+02,8.868083321212849590e-01
3.470000000000000000e+02,9.682856211301562599e-01
3.480000000000000000e+02,2.577431151127234976e+00
3.490000000000000000e+02,2.353445482926050936e+00
3.500000000000000000e+02,1.763058705845707674e+00
3.510000000000000000e+02,9.478418913882085128e-01
3.520000000000000000e+02,1.792623073759113561e+00
3.530000000000000000e+02,2.388197533836004638e+00
3.540000000000000000e+02,-6.629773740689737238e-02
3.550000000000000000e+02,2.110336239526468205e+00
3.560000000000000000e+02,1.647755731405098345e-01
3.570000000000000000e+02,3.429208409255448675e+00
3.580000000000000000e+02,2.337392611279590415e+00
3.590000000000000000e+02,3.143362142179148222e+00
3.600000000000000000e+02,2.556093722631471721e+00
3.610000000000000000e+02,2.625224834267670282e+00
3.620000000000000000e+02,6.454004744793822024e-01
3.630000000000000000e+02,2.673457730910143493e+00
3.640000000000000000e+02,2.568647755704656088e+00
3.650000000000000000e+02,2.081020542455262579e+00
3.660000000000000000e+02,2.742841901563244811e+00
3.670000000000000000e+02,4.094460608790115863e+00
3.680000000000000000e+02,2.214201656584351419e+00
3.690000000000000000e+02,2.661237144478802996e+00
3.700000000000000000e+02,-5.743088738523177694e-01
3.710000000000000000e+02,-3.752982638408846605e-01
3.720000000000000000e+02,4.910115468797400795e-01
3.730000000000000000e+02,-2.135577591562681232e-01
3.740000000000000000e+02,1.046915376695438438e+00
3.750000000000000000e+02,9.980657549276898965e-01
3.760000000000000000e+02,1.480449894834611757e-01
3.770000000000000000e+02,-5.820828284477479464e-01
3.780000000000000000e+02,8.899284732886183491e-01
3.790000000000000000e+02,-4.917756517932382332e-01
3.800000000000000000e+02,5.137900179018508595e-01
3.810000000000000000e+02,-3.568047729878682794e-01
3.820000000000000000e+02,-1.631337523381281907e+00
3.830000000000000000e+02,-8.730447067645418224e-01
3.840000000000000000e+02,1.310187601027785531e+00
3.850000000000000000e+02,-1.081623153121485270e+00
3.860000000000000000e+02,-1.073262141122847790e+00
3.870000000000000000e+02,3.209889055699196025e-01
3.880000000000000000e+02,9.535543999208186960e-01
3.890000000000000000e+02,-6.690144044938016732e-01
3.900000000000000000e+02,4.082775346266324656e-01
3.910000000000000000e+02,-3.138078239936877289e-01
3.920000000000000000e+02,-1.517824380654270611e+00
3.930000000000000000e+02,-9.162102902830904227e-01
3.940000000000000000e+02,-7.725351340511550646e-02
3.950000000000000000e+02,6.269242229437903546e-01
3.960000000000000000e+02,-1.041862926494916408e-01
3.970000000000000000e+02,1.398247313480429410e+00
3.980000000000000000e+02,9.740261189573174994e-01
3.990000000000000000e+02,-6.158856601931750330e-01
4.000000000000000000e+02,-3.996998054638619680e-01
4.010000000000000000e+02,-5.909173034020811510e-01
4.020000000000000000e+02,6.258398428095390820e-01
4.030000000000000000e+02,1.323954401564101824e+00
4.040000000000000000e+02,2.496201265982833095e-01
4.050000000000000000e+02,-4.580854047560482534e-01
4.060000000000000000e+02,4.105716573220664634e-01
4.070000000000000000e+02,-1.391914267546359385e+00
4.080000000000000000e+02,9.895183170591660415e-01
4.090000000000000000e+02,-4.240298385686196159e-02
4.100000000000000000e+02,1.007055254903952424e+00
4.110000000000000000e+02,-9.380711022268635180e-01
4.120000000000000000e+02,9.844049807421325626e-01
4.130000000000000000e+02,2.791619523018845861e+00
4.140000000000000000e+02,3.574863800267281899e+00
4.150000000000000000e+02,4.203700307048302776e+00
4.160000000000000000e+02,3.088757110909617687e+00
4.170000000000000000e+02,3.494687122768349141e+00
4.180000000000000000e+02,4.044826088014080945e+00
4.190000000000000000e+02,4.405992946225207874e+00
4.200000000000000000e+02,3.461843605077102204e+00
4.210000000000000000e+02,2.017364870064762172e+00
4.220000000000000000e+02,3.640872926565650314e+00
4.230000000000000000e+02,2.264031702515536093e+00
4.240000000000000000e+02,2.643100418424553233e+00
4.250000000000000000e+02,4.261729761405860017e+00
4.260000000000000000e+02,2.801709073163057173e+00
4.270000000000000000e+02,2.218464960523316876e+00
4.280000000000000000e+02,3.515647171001804683e+00
4.290000000000000000e+02,3.571658797851188893e+00
4.300000000000000000e+02,2.079590194630540623e+00
4.310000000000000000e+02,4.755913888037519577e-01
4.320000000000000000e+02,2.260440763509964146e+00
4.330000000000000000e+02,2.181076521053615380e-01
4.340000000000000000e+02,2.847600291472283995e+00
4.350000000000000000e+02,2.514584751262950224e+00
4.360000000000000000e+02,2.320129425451303185e+00
4.370000000000000000e+02,2.625720315829537466e+00
4.380000000000000000e+02,1.749098287746890357e+00
4.390000000000000000e+02,2.557986619059944289e+00
4.400000000000000000e+02,2.858539604404809253e+00
4.410000000000000000e+02,4.996973611408386695e+00
4.420000000000000000e+02,2.857257846842234272e+00
4.430000000000000000e+02,3.649204058596039246e+00
4.440000000000000000e+02,2.169080313723061870e+00
4.450000000000000000e+02,4.283906246647213756e+00
4.460000000000000000e+02,3.533710707873372492e+00
4.470000000000000000e+02,3.320549994813685402e+00
4.480000000000000000e+02,3.731424280572674057e+00
4.490000000000000000e+02,2.028141287524175773e+00
4.500000000000000000e+02,2.957707742411598950e+00
4.510000000000000000e+02,3.807855449234089917e+00
4.520000000000000000e+02,2.374795193577899699e+00
4.530000000000000000e+02,2.212700419518522033e+00
4.540000000000000000e+02,3.313989140719352910e+00
4.550000000000000000e+02,2.014607677611016445e+00
4.560000000000000000e+02,2.262172214927455016e+00
4.570000000000000000e+02,2.142104982168403282e+00
4.580000000000000000e+02,2.992819819522940072e+00
4.590000000000000000e+02,3.439980453570292696e+00
4.600000000000000000e+02,3.104579261318107353e+00
4.610000000000000000e+02,2.094894095078827068e+00
4.620000000000000000e+02,2.561766392019504401e+00
4.630000000000000000e+02,1.163777345203103053e+00
4.640000000000000000e+02,2.666963760210590895e+00
4.650000000000000000e+02,2.467083969575345925e+00
4.660000000000000000e+02,3.103573648918552141e+00
4.670000000000000000e+02,1.136683784985148549e-02
4.680000000000000000e+02,3.172603891548000377e+00
4.690000000000000000e+02,4.513591835104528549e+00
4.700000000000000000e+02,4.310168764112812134e+00
4.710000000000000000e+02,9.231820352508637306e-01
4.720000000000000000e+02,1.067109322413055450e+00
4.730000000000000000e+02,2.005293857775058974e+00
4.740000000000000000e+02,3.215972215379441668e+00
4.750000000000000000e+02,3.652428555522736708e+00
4.760000000000000000e+02,3.310103698053862509e+00
4.770000000000000000e+02,3.708809636001142440e+00
4.780000000000000000e+02,2.837198031279096533e+00
4.790000000000000000e+02,3.030545700996050584e+00
4.800000000000000000e+02,3.271861918415068349e+00
4.810000000000000000e+02,3.365569326069038247e+00
4.820000000000000000e+02,4.063519319777304517e+00
4.830000000000000000e+02,1.325760165295599036e+00
4.840000000000000000e+02,1.065847781183285381e+00
4.850000000000000000e+02,3.392414242929626234e+00
4.860000000000000000e+02,2.332533495550931590e+00
4.870000000000000000e+02,2.694275631271815907e+00
4.880000000000000000e+02,3.703293663704247063e+00
4.890000000000000000e+02,3.337155636500729550e+00
4.900000000000000000e+02,2.632425304241349462e+00
4.910000000000000000e+02,1.042066917953022420e+00
4.920000000000000000e+02,2.567926304709041929e+00
4.930000000000000000e+02,9.359790278390318630e-01
4.940000000000000000e+02,2.387204902352356495e+00
4.950000000000000000e+02,2.031813067514053106e+00
4.960000000000000000e+02,2.493811732740610854e+00
4.970000000000000000e+02,3.414896884777102848e+00
4.980000000000000000e+02,1.268046112405872838e+00
4.990000000000000000e+02,8.932807921376629823e-01
5.000000000000000000e+02,-7.363928344727913577e-01
5.010000000000000000e+02,-2.080476641633200785e+00
5.020000000000000000e+02,-3.999432749310235513e-01
5.030000000000000000e+02,1.711339294159833990e+00
5.040000000000000000e+02,1.332577064508617459e+00
5.050000000000000000e+02,3.060144711100589721e-01
5.060000000000000000e+02,-1.174758915243165003e+00
5.070000000000000000e+02,1.406477395965804345e+00
5.080000000000000000e+02,-2.281625221196786069e-01
5.090000000000000000e+02,-3.982637263022725249e-01
5.100000000000000000e+02,-4.419992488677549347e-01
5.110000000000000000e+02,-7.397884720393215208e-01
5.120000000000000000e+02,3.255797520248553401e-01
5.130000000000000000e+02,-5.467270314427251643e-01
5.140000000000000000e+02,-1.183258000634074270e+00
5.150000000000000000e+02,-9.421064727108360293e-01
5.160000000000000000e+02,8.433411727032417982e-02
5.170000000000000000e+02,7.919511631679676533e-01
5.180000000000000000e+02,3.852821488984896070e-01
5.190000000000000000e+02,-1.596423969494123574e+00
5.200000000000000000e+02,-6.814343851114921247e-01
5.210000000000000000e+02,-1.286764708822300429e+00
5.220000000000000000e+02,1.170583962582069093e+00
5.230000000000000000e+02,-3.967477949420851469e-02
5.240000000000000000e+02,3.515625783415352035e-01
5.250000000000000000e+02,1.402787354223950400e+00
5.260000000000000000e+02,2.294770815603881520e+00
5.270000000000000000e+02,2.828656402752758869e-01
5.280000000000000000e+02,1.218002406695196244e-01
5.290000000000000000e+02,1.251241294194700648e+00
5.300000000000000000e+02,-6.907160421890542468e-01
5.310000000000000000e+02,2.152868233149514143e-01
5.320000000000000000e+02,-1.348677979956364847e+00
5.330000000000000000e+02,4.648550466981043461e-01
5.340000000000000000e+02,4.353757714406628621e-01
5.350000000000000000e+02,-1.176908029507137909e+00
5.360000000000000000e+02,1.504800199103156322e+00
5.370000000000000000e+02,-5.898920949318298135e-01
5.380000000000000000e+02,1.034989833016435989e+00
5.390000000000000000e+02,-1.659986533919957097e+00
5.400000000000000000e+02,7.411514398992021802e-01
5.410000000000000000e+02,2.635240673615435902e+00
5.420000000000000000e+02,1.603205757251688679e+00
5.430000000000000000e+02,2.752037500366436351e+00
5.440000000000000000e+02,2.852090458726184607e+00
5.450000000000000000e+02,3.457581392889573557e+00
5.460000000000000000e+02,3.523540930073657762e+00
5.470000000000000000e+02,2.178554865635773830e+00
5.480000000000000000e+02,3.590910299533454975e+00
5.490000000000000000e+02,3.499656380262893940e+00
5.500000000000000000e+02,1.738189644082472896e-01
5.510000000000000000e+02,3.119493689442865758e+00
5.520000000000000000e+02,3.881390605672474514e+00
5.530000000000000000e+02,4.270056212816440322e+00
5.540000000000000000e+02,2.953249923519416065e+00
5.550000000000000000e+02,1.750858231267516496e+00
5.560000000000000000e+02,1.842533773352639237e+00
5.570000000000000000e+02,2.923923153812949316e+00
5.580000000000000000e+02,2.165976893225027844e+00
5.590000000000000000e+02,3.096252259781504090e+00
5.600000000000000000e+02,1.938022990699112658e+00
5.610000000000000000e+02,2.210422548723227631e+00
5.620000000000000000e+02,2.100852942004127311e+00
5.630000000000000000e+02,2.315722813461573715e+00
5.640000000000000000e+02,3.005337266504566784e+00
5.650000000000000000e+02,1.802451533045710708e+00
5.660000000000000000e+02,1.438685939638778777e+00
5.670000000000000000e+02,1.818979331577251557e+00
5.680000000000000000e+02,2.472465246223193525e+00
5.690000000000000000e+02,1.315669963133126785e+00
5.700000000000000000e+02,2.491288341982316634e+00
5.710000000000000000e+02,2.851611556372447787e+00
5.720000000000000000e+02,2.848712202019044959e+00
5.730000000000000000e+02,3.763519539025639737e+00
5.740000000000000000e+02,3.891915244718648914e+00
5.750000000000000000e+02,1.823119085413437812e+00
5.760000000000000000e+02,3.888912398958668692e+00
5.770000000000000000e+02,3.628345545124995741e+00
5.780000000000000000e+02,2.777728160985359462e+00
5.790000000000000000e+02,2.850149723907277277e+00
5.800000000000000000e+02,2.798146688345164002e+00
5.810000000000000000e+02,2.196541439340216506e+00
5.820000000000000000e+02,4.357193108388266900e+00
5.830000000000000000e+02,4.449754011721510416e+00
5.840000000000000000e+02,1.052999804594696442e+00
5.850000000000000000e+02,2.962454782902771644e+00
5.860000000000000000e+02,4.902001550298888510e+00
5.870000000000000000e+02,2.168629736329945601e+00
5.880000000000000000e+02,1.746210062977718858e+00
5.890000000000000000e+02,4.906070357279471494e+00
5.900000000000000000e+02,1.577438338970260645e-01
5.910000000000000000e+02,8.911377484332101417e-01
5.920000000000000000e+02,3.105487806563935305e+00
5.930000000000000000e+02,3.246306882253995774e+00
5.940000000000000000e+02,3.502640352338107110e+00
5.950000000000000000e+02,2.618735564017872886e+00
5.960000000000000000e+02,1.191737754361317014e+00
5.970000000000000000e+02,3.634787124597957941e+00
5.980000000000000000e+02,3.352975257655117058e+00
5.990000000000000000e+02,2.609476990944848307e+00
6.000000000000000000e+02,1.954754012049500167e+00
6.010000000000000000e+02,3.284336819094780147e+00
6.020000000000000000e+02,3.357194758580529736e+00
6.030000000000000000e+02,2.536871471427450064e+00
6.040000000000000000e+02,3.038772021544827062e+00
6.050000000000000000e+02,2.143787001844506879e+00
6.060000000000000000e+02,3.163867631283897808e+00
6.070000000000000000e+02,1.439703662495382286e+00
6.080000000000000000e+02,2.682942667008933579e+00
6.090000000000000000e+02,4.139592705674011164e+00
6.100000000000000000e+02,3.793276202150329457e+00
6.110000000000000000e+02,3.165556669974844972e+00
6.120000000000000000e+02,1.597805727806947740e+00
6.130000000000000000e+02,2.642253111705755053e+00
6.140000000000000000e+02,3.870689276734706308e+00
6.150000000000000000e+02,3.112881602620102939e+00
6.160000000000000000e+02,1.974896134467640563e+00
6.170000000000000000e+02,2.830800386880337527e+00
6.180000000000000000e+02,2.130771262696166346e+00
6.190000000000000000e+02,2.102762959881871563e+00
6.200000000000000000e+02,3.090032960714475863e+00
6.210000000000000000e+02,2.709411462115774327e+00
6.220000000000000000e+02,1.965389543110704018e+00
6.230000000000000000e+02,3.602486347222267682e+00
6.240000000000000000e+02,3.726824798121389559e+00
6.250000000000000000e+02,3.601302381281679565e+00
6.260000000000000000e+02,7.094997966508332921e-01
6.270000000000000000e+02,8.135768116408055306e-01
6.280000000000000000e+02,2.298732773841411170e+00
6.290000000000000000e+02,-2.112073417849649193e+00
6.300000000000000000e+02,-1.162595605141407029e+00
6.310000000000000000e+02,-1.023792618188001935e+00
6.320000000000000000e+02,5.527657659111592237e-01
6.330000000000000000e+02,1.453190456091407512e+00
6.340000000000000000e+02,-6.907666496100786091e-01
6.350000000000000000e+02,-5.188452737740359977e-01
6.360000000000000000e+02,1.356412713658661895e+00
6.370000000000000000e+02,-3.484170570233869890e-01
6.380000000000000000e+02,1.471240372560156162e+00
6.390000000000000000e+02,-4.344542405874154967e-01
6.400000000000000000e+02,-2.034136750917273861e+00
6.410000000000000000e+02,-1.684074624038354395e+00
6.420000000000000000e+02,1.981572640499507931e-01
6.430000000000000000e+02,-2.464012528340150165e+00
6.440000000000000000e+02,-1.466943525014363869e+00
6.450000000000000000e+02,-2.243093892708130643e-01
6.460000000000000000e+02,2.444393471922062799e-01
6.470000000000000000e+02,-1.879911128491714711e+00
6.480000000000000000e+02,1.091421444111744021e+00
6.490000000000000000e+02,1.406602945388450765e+00
6.500000000000000000e+02,-4.620102183609297586e-01
6.510000000000000000e+02,2.407042317845087265e-01
6.520000000000000000e+02,1.262721726948353440e-01
6.530000000000000000e+02,3.623374150806339955e-01
6.540000000000000000e+02,-2.695262232288201873e-02
6.550000000000000000e+02,-1.244319624837501914e+00
6.560000000000000000e+02,-8.938712987826550327e-01
6.570000000000000000e+02,5.089881233715108644e-02
6.580000000000000000e+02,-8.610761738703712753e-01
6.590000000000000000e+02,5.588647333858742794e-01
6.600000000000000000e+02,-1.118473347887641633e+00
6.610000000000000000e+02,6.312335820919174889e-01
6.620000000000000000e+02,-5.123667706091806773e-01
6.630000000000000000e+02,1.148467533290057907e-01
6.640000000000000000e+02,4.711201323304056027e-02
6.650000000000000000e+02,3.854394651709824315e-01
6.660000000000000000e+02,-3.649600658932620756e-01
6.670000000000000000e+02,-2.364055803630376040e-01
6.680000000000000000e+02,1.562340227514962487e+00
6.690000000000000000e+02,1.997676916538257741e+00
6.700000000000000000e+02,-1.219187129271255055e+00
6.710000000000000000e+02,-1.929634182795697761e+00
6.720000000000000000e+02,-6.432740735187796322e-01
6.730000000000000000e+02,-2.947437226601943294e-01
6.740000000000000000e+02,-1.681532822382347359e+00
6.750000000000000000e+02,1.719281678481457964e+00
6.760000000000000000e+02,3.459103544250876072e-01
6.770000000000000000e+02,-1.876414850137439805e+00
6.780000000000000000e+02,-1.035633046463928064e+00
6.790000000000000000e+02,-4.445503239983383814e-01
6.800000000000000000e+02,9.440968992135632121e-01
6.810000000000000000e+02,-1.125597316040107820e-01
6.820000000000000000e+02,-5.411251126402591982e-01
6.830000000000000000e+02,-1.589151221891927368e-01
6.840000000000000000e+02,-1.120013244632698246e-01
6.850000000000000000e+02,5.075641660022617296e-02
6.860000000000000000e+02,1.135150112344508244e+00
6.870000000000000000e+02,9.468612754878820148e-01
6.880000000000000000e+02,1.513028016052896940e-01
6.890000000000000000e+02,-5.400760216005264791e-01
6.900000000000000000e+02,1.174568018114077184e+00
6.910000000000000000e+02,2.353057976685814623e+00
6.920000000000000000e+02,4.242695165318403627e-01
6.930000000000000000e+02,-7.216072295859254915e-02
6.940000000000000000e+02,-1.232516800617089459e-03
6.950000000000000000e+02,3.319602373044683308e-01
6.960000000000000000e+02,-2.565217722278737567e-01
6.970000000000000000e+02,1.097897545250801521e+00
6.980000000000000000e+02,1.133093948192502642e+00
6.990000000000000000e+02,2.574587445523882856e+00
7.000000000000000000e+02,2.634907798666240364e+00
7.010000000000000000e+02,1.826852872582787501e+00
7.020000000000000000e+02,3.461295995505551115e-01
7.030000000000000000e+02,1.304218575847524209e+00
7.040000000000000000e+02,1.460625092193918562e+00
7.050000000000000000e+02,2.651639573210841760e+00
7.060000000000000000e+02,2.424341867030890718e+00
7.070000000000000000e+02,7.818902188601906111e-01
7.080000000000000000e+02,-1.380927561528382252e-01
7.090000000000000000e+02,1.961534973305537388e+00
7.100000000000000000e+02,1.764729978105184394e+00
7.110000000000000000e+02,1.888489024622034718e+00
7.120000000000000000e+02,-6.438632804521500219e-01
7.130000000000000000e+02,1.024589748167481273e+00
7.140000000000000000e+02,9.174088158296183071e-01
7.150000000000000000e+02,3.411384693336434459e+00
7.160000000000000000e+02,2.775578583048934789e+00
7.170000000000000000e+02,1.720721695021817377e+00
7.180000000000000000e+02,2.779420905583337209e+00
7.190000000000000000e+02,1.956692522721287020e+00
7.200000000000000000e+02,6.351291657274771296e-01
7.210000000000000000e+02,1.267614940705916515e+00
7.220000000000000000e+02,1.628905218377540987e+00
7.230000000000000000e+02,3.825806179552599495e+00
7.240000000000000000e+02,2.748089025236592153e+00
7.250000000000000000e+02,1.647264408013326742e+00
7.260000000000000000e+02,1.743627528047006159e+00
7.270000000000000000e+02,3.320762128741286290e+00
7.280000000000000000e+02,2.503919048903654687e+00
7.290000000000000000e+02,1.692152451568968985e+00
7.300000000000000000e+02,3.551577744573257256e+00
7.310000000000000000e+02,2.471122461110940804e+00
7.320000000000000000e+02,2.955700378847277321e+00
7.330000000000000000e+02,1.225591552278965546e+00
7.340000000000000000e+02,3.868453977929882548e+00
7.350000000000000000e+02,1.682138114403909146e+00
7.360000000000000000e+02,3.307295469825763057e+00
7.370000000000000000e+02,2.225738084602159272e+00
7.380000000000000000e+02,1.559407494317649689e+00
7.390000000000000000e+02,3.194537561219648492e+00
7.400000000000000000e+02,1.723620593497786402e+00
7.410000000000000000e+02,2.033252948236716762e+00
7.420000000000000000e+02,1.587135200642609156e+00
7.430000000000000000e+02,1.422678353020766062e+00
7.440000000000000000e+02,2.538465523650922151e+00
7.450000000000000000e+02,2.563975215833138144e+00
7.460000000000000000e+02,2.626774085841638851e+00
7.470000000000000000e+02,1.593840035700090141e+00
7.480000000000000000e+02,3.138413605746396495e+00
7.490000000000000000e+02,1.761546276248504572e+00
7.500000000000000000e+02,3.448989543391177470e+00
7.510000000000000000e+02,5.748068332374680622e+00
7.520000000000000000e+02,4.410235940157400947e-01
7.530000000000000000e+02,3.095043609726797929e+00
7.540000000000000000e+02,-5.199544753447753465e-01
7.550000000000000000e+02,5.178586892449021928e-01
7.560000000000000000e+02,-8.334064979885377200e-01
7.570000000000000000e+02,5.185909983293573999e-01
7.580000000000000000e+02,9.933339560228972021e-01
7.590000000000000000e+02,-2.267038790616822563e+00
7.600000000000000000e+02,-6.946824936953117646e-01
7.610000000000000000e+02,9.247598411823400033e-01
7.620000000000000000e+02,5.716087105138044633e-01
7.630000000000000000e+02,-1.713271722558171950e+00
7.640000000000000000e+02,1.668611829342910635e+00
7.650000000000000000e+02,5.494710540163716406e-01
7.660000000000000000e+02,4.596630118564622447e-01
7.670000000000000000e+02,8.048774345406898290e-01
7.680000000000000000e+02,-8.515011805417899149e-01
7.690000000000000000e+02,1.004996876668118544e+00
7.700000000000000000e+02,9.971021085089162295e-01
7.710000000000000000e+02,-1.983778112481172862e+00
7.720000000000000000e+02,6.569881697132283760e-01
7.730000000000000000e+02,-1.079310095603620123e+00
7.740000000000000000e+02,-1.206320657853960032e+00
7.750000000000000000e+02,2.548042872852849250e+00
7.760000000000000000e+02,7.732831815448116819e-01
7.770000000000000000e+02,9.532139039886206033e-02
7.780000000000000000e+02,4.394471226808732700e-01
7.790000000000000000e+02,1.592101509140914362e-01
7.800000000000000000e+02,1.084535187486297625e+00
7.810000000000000000e+02,-9.950296309210002743e-01
7.820000000000000000e+02,-5.325980742918611233e-01
7.830000000000000000e+02,-3.997686664424353054e-01
7.840000000000000000e+02,7.902646934519622079e-02
7.850000000000000000e+02,4.014500356490758315e-01
7.860000000000000000e+02,1.257292311004262753e-01
7.870000000000000000e+02,-7.206354259027556441e-01
7.880000000000000000e+02,1.169555497947585426e-01
7.890000000000000000e+02,3.283200440936993036e-01
7.900000000000000000e+02,-4.778378482642457459e-01
7.910000000000000000e+02,2.564849688407141448e-01
7.920000000000000000e+02,-1.075037684732517818e+00
7.930000000000000000e+02,1.039961434960206876e+00
7.940000000000000000e+02,4.733974725399952010e-01
7.950000000000000000e+02,1.362554650746703455e+00
7.960000000000000000e+02,-1.633692141279551591e-01
7.970000000000000000e+02,1.102283073329841434e+00
7.980000000000000000e+02,2.849529059433081990e+00
7.990000000000000000e+02,4.346147802619887202e+00
8.000000000000000000e+02,3.769012080171261214e+00
8.010000000000000000e+02,2.226527575705818940e+00
8.020000000000000000e+02,1.225626369689746697e+00
8.030000000000000000e+02,1.028882875300620281e+00
8.040000000000000000e+02,2.232545869485348611e+00
8.050000000000000000e+02,2.697170796369425361e+00
8.060000000000000000e+02,3.962381551217859510e+00
8.070000000000000000e+02,3.053417005525721262e+00
8.080000000000000000e+02,1.414784671356511092e+00
8.090000000000000000e+02,2.876566189603238399e+00
8.100000000000000000e+02,3.318825878613996583e+00
8.110000000000000000e+02,4.531742620651138864e+00
8.120000000000000000e+02,1.152046527867729431e+00
8.130000000000000000e+02,3.079070603433018416e+00
8.140000000000000000e+02,3.950152229625206068e+00
8.150000000000000000e+02,3.147479447779081063e+00
8.160000000000000000e+02,4.699202233479491397e+00
8.170000000000000000e+02,2.793394163550769971e+00
8.180000000000000000e+02,2.288181141797932305e+00
8.190000000000000000e+02,4.386867508067154198e+00
8.200000000000000000e+02,3.494342424731806229e+00
8.210000000000000000e+02,2.595304911673814274e+00
8.220000000000000000e+02,4.519076672399320316e+00
8.230000000000000000e+02,3.848705448651989158e+00
8.240000000000000000e+02,3.733263545479743595e+00
8.250000000000000000e+02,3.761033687796158986e+00
8.260000000000000000e+02,2.005968557525054319e+00
8.270000000000000000e+02,4.179431381785327915e+00
8.280000000000000000e+02,1.319152402192173446e+00
8.290000000000000000e+02,1.825502060718175112e+00
8.300000000000000000e+02,4.137789260756745691e+00
8.310000000000000000e+02,2.505059464869264119e+00
8.320000000000000000e+02,1.749040652523715877e+00
8.330000000000000000e+02,3.432136186108705633e+00
8.340000000000000000e+02,3.816096519322687008e+00
8.350000000000000000e+02,3.030483044591686159e+00
8.360000000000000000e+02,1.783982977454771079e+00
8.370000000000000000e+02,2.707153359789769898e+00
8.380000000000000000e+02,2.829787756364223750e+00
8.390000000000000000e+02,2.197471553878985961e+00
8.400000000000000000e+02,3.386317684906555936e+00
8.410000000000000000e+02,3.737217182676539906e+00
8.420000000000000000e+02,1.779472230496509821e+00
8.430000000000000000e+02,3.580586769249436419e+00
8.440000000000000000e+02,2.346237380168781694e+00
8.450000000000000000e+02,3.312232698250790364e+00
8.460000000000000000e+02,2.921827272036343182e+00
8.470000000000000000e+02,4.222700047757001585e+00
8.480000000000000000e+02,3.316635383580096352e+00
8.490000000000000000e+02,3.166575721645633834e+00
8.500000000000000000e+02,5.490281255981701136e+00
8.510000000000000000e+02,3.181493844490895562e+00
8.520000000000000000e+02,2.975108681209296613e+00
8.530000000000000000e+02,2.922579818289677611e+00
8.540000000000000000e+02,3.802781915182218420e+00
8.550000000000000000e+02,2.483610082035768496e+00
8.560000000000000000e+02,3.775297500296559416e+00
8.570000000000000000e+02,3.969965840450273120e+00
8.580000000000000000e+02,1.313712849493139823e+00
8.590000000000000000e+02,4.041358520971580326e+00
8.600000000000000000e+02,3.525941951680136910e+00
8.610000000000000000e+02,2.603664954697006539e+00
8.620000000000000000e+02,1.073831704306396961e+00
8.630000000000000000e+02,2.972845162553378273e+00
8.640000000000000000e+02,3.125923085115264843e+00
8.650000000000000000e+02,1.971619618129857532e+00
8.660000000000000000e+02,3.320612840568846202e+00
8.670000000000000000e+02,2.366726815042736742e+00
8.680000000000000000e+02,2.127773866735350072e+00
8.690000000000000000e+02,3.269821707372794428e+00
8.700000000000000000e+02,1.960676613207469998e+00
8.710000000000000000e+02,2.756830216444213555e+00
8.720000000000000000e+02,3.443557877154530544e+00
8.730000000000000000e+02,3.990259818025091665e+00
8.740000000000000000e+02,2.519095594413160999e+00
8.750000000000000000e+02,2.077852062928282617e+00
8.760000000000000000e+02,3.269203184177123411e+00
8.770000000000000000e+02,2.750752331744715118e+00
8.780000000000000000e+02,3.569470743598619933e+00
8.790000000000000000e+02,2.473902185845779478e+00
8.800000000000000000e+02,1.231843756507949861e+00
8.810000000000000000e+02,3.598060416347656609e+00
8.820000000000000000e+02,6.030345676687093315e-02
8.830000000000000000e+02,9.341032153978658936e-01
8.840000000000000000e+02,-5.901081665680349975e-01
8.850000000000000000e+02,4.768315428319113147e-01
8.860000000000000000e+02,-5.594316412145627915e-01
8.870000000000000000e+02,-1.144963667564063980e+00
8.880000000000000000e+02,1.059226716399759294e+00
8.890000000000000000e+02,-1.010523815029376715e+00
8.900000000000000000e+02,1.809741468378224249e+00
8.910000000000000000e+02,2.120887285893102270e+00
8.920000000000000000e+02,-2.266091909849307640e-01
8.930000000000000000e+02,-5.735791410253353595e-01
8.940000000000000000e+02,1.177890969634554530e+00
8.950000000000000000e+02,-1.246399268786613446e+00
8.960000000000000000e+02,1.941487865977894467e+00
8.970000000000000000e+02,9.128813115843225079e-01
8.980000000000000000e+02,7.749929766624950034e-01
8.990000000000000000e+02,1.461484803496731488e-01
9.000000000000000000e+02,4.355715154416583412e-01
9.010000000000000000e+02,1.686971150577968981e+00
9.020000000000000000e+02,-6.483808929808196897e-01
9.030000000000000000e+02,-1.055429578222191189e+00
9.040000000000000000e+02,5.272187099080875017e-01
9.050000000000000000e+02,-2.202382825384647802e+00
9.060000000000000000e+02,-6.061173060462479167e-01
9.070000000000000000e+02,-8.598735533313767165e-01
9.080000000000000000e+02,-9.576410461658108053e-01
9.090000000000000000e+02,5.155425395745688588e-01
9.100000000000000000e+02,2.639890916360341233e-01
9.110000000000000000e+02,-6.249178811851541226e-01
9.120000000000000000e+02,-5.158536481606761370e-01
9.130000000000000000e+02,4.537759975326685624e-01
9.140000000000000000e+02,2.612672005184962565e+00
9.150000000000000000e+02,4.278560781673947377e-01
9.160000000000000000e+02,7.587197180911796623e-01
9.170000000000000000e+02,-1.311892043300059291e-02
9.180000000000000000e+02,-1.697625301673389764e+00
9.190000000000000000e+02,1.696501711266363843e+00
9.200000000000000000e+02,1.004433840070776268e-01
9.210000000000000000e+02,5.810113230685757246e-01
9.220000000000000000e+02,1.235443529493686965e+00
9.230000000000000000e+02,1.046172357241514028e+00
9.240000000000000000e+02,-1.363890063436653755e+00
9.250000000000000000e+02,3.319533206337984765e+00
9.260000000000000000e+02,3.660656260544092877e+00
9.270000000000000000e+02,3.157147797628151675e+00
9.280000000000000000e+02,9.664917640352441719e-01
9.290000000000000000e+02,4.035003398728377988e+00
9.300000000000000000e+02,2.330474743707116936e+00
9.310000000000000000e+02,2.121002977194243577e+00
9.320000000000000000e+02,2.011129911535204595e+00
9.330000000000000000e+02,4.086183388383330950e+00
9.340000000000000000e+02,1.654060832021691185e+00
9.350000000000000000e+02,2.733203978648404142e+00
9.360000000000000000e+02,1.447761483685370276e+00
9.370000000000000000e+02,1.400655543331499109e+00
9.380000000000000000e+02,3.206551146313301182e-01
9.390000000000000000e+02,2.541624386958689641e+00
9.400000000000000000e+02,2.720672218331857461e+00
9.410000000000000000e+02,2.514481336402370815e+00
9.420000000000000000e+02,2.986526476519795192e+00
9.430000000000000000e+02,1.683667175988180054e+00
9.440000000000000000e+02,3.042031576258079628e+00
9.450000000000000000e+02,3.058139810191538022e+00
9.460000000000000000e+02,2.901819931145123821e+00
9.470000000000000000e+02,3.650298719128246550e+00
9.480000000000000000e+02,3.451036118652878848e+00
9.490000000000000000e+02,3.629888924332504541e+00
9.500000000000000000e+02,1.284239055636145377e+00
9.510000000000000000e+02,2.859104219977775863e+00
9.520000000000000000e+02,8.397579016484546521e-01
9.530000000000000000e+02,3.599227030548586281e+00
9.540000000000000000e+02,1.365547580276267992e+00
9.550000000000000000e+02,3.554017678252547441e+00
9.560000000000000000e+02,3.156585524721339908e+00
9.570000000000000000e+02,2.066633831253994025e+00
9.580000000000000000e+02,3.364474056333094154e+00
9.590000000000000000e+02,1.252312910433390547e+00
9.600000000000000000e+02,1.952028877706091237e+00
9.610000000000000000e+02,2.840702296292461071e+00
9.620000000000000000e+02,8.680607739278942692e-01
9.630000000000000000e+02,4.263930765650972177e+00
9.640000000000000000e+02,3.166094900624350394e+00
9.650000000000000000e+02,4.248987277799030515e+00
9.660000000000000000e+02,2.137061673846735843e+00
9.670000000000000000e+02,3.370221394990848829e+00
9.680000000000000000e+02,2.967794477539974274e+00
9.690000000000000000e+02,4.066554279959875728e+00
9.700000000000000000e+02,2.809032643414270947e+00
9.710000000000000000e+02,2.668902405225087815e+00
9.720000000000000000e+02,2.894410188922076355e+00
9.730000000000000000e+02,3.094092037233057368e+00
9.740000000000000000e+02,3.433678849626613960e+00
9.750000000000000000e+02,1.886835311411014793e+00
9.760000000000000000e+02,2.825882153233505445e+00
9.770000000000000000e+02,2.093307651600669672e+00
9.780000000000000000e+02,3.316248689010590667e+00
9.790000000000000000e+02,3.579292695814667802e+00
9.800000000000000000e+02,1.225224718486671804e+00
9.810000000000000000e+02,3.535242829516814567e+00
9.820000000000000000e+02,2.202321856268570244e+00
9.830000000000000000e+02,4.118229436174042135e+00
9.840000000000000000e+02,2.942248859019369167e+00
9.850000000000000000e+02,3.437356328177353149e+00
9.860000000000000000e+02,2.476062888971374942e+00
9.870000000000000000e+02,1.652425099857579793e+00
9.880000000000000000e+02,3.457228857090701712e+00
9.890000000000000000e+02,2.543223806922423780e+00
9.900000000000000000e+02,1.108775204297184791e+00
9.910000000000000000e+02,3.943216746339590184e+00
9.920000000000000000e+02,2.601187597408232133e+00
9.930000000000000000e+02,3.799503323798268273e+00
9.940000000000000000e+02,3.731412612179511701e+00
9.950000000000000000e+02,2.307218542547317508e+00
9.960000000000000000e+02,2.834498847298398516e+00
9.970000000000000000e+02,3.929505562626351534e+00
9.980000000000000000e+02,1.775296248917418662e+00
9.990000000000000000e+02,3.957367369795118606e+00
1.000000000000000000e+03,2.446756644134204350e+00
1.001000000000000000e+03,1.982148590665513632e+00
1.002000000000000000e+03,2.111588729748254067e+00
1.003000000000000000e+03,4.923069021546522706e+00
1.004000000000000000e+03,2.568982281039129401e+00
1.005000000000000000e+03,2.270804167010696872e+00
1.006000000000000000e+03,2.191111117059017843e+00
1.007000000000000000e+03,2.840143191331879535e+00
1.008000000000000000e+03,3.249053403136705320e+00
1.009000000000000000e+03,4.384455459952687484e+00
1.010000000000000000e+03,3.486981589312670438e-01
1.011000000000000000e+03,-9.193049925196735694e-01
1.012000000000000000e+03,3.567874028271844078e-01
1.013000000000000000e+03,-1.195596600275831811e+00
1.014000000000000000e+03,7.262538963795709401e-01
1.015000000000000000e+03,1.469898143838261451e+00
1.016000000000000000e+03,9.144976719683487465e-01
1.017000000000000000e+03,1.815822787599593868e-01
1.018000000000000000e+03,-8.505188692682563723e-01
1.019000000000000000e+03,8.481478040021250830e-01
1.020000000000000000e+03,-9.067984267138644583e-01
1.021000000000000000e+03,-4.227423736024145395e-02
1.022000000000000000e+03,-5.833203149051270353e-01
1.023000000000000000e+03,-1.013190918071634528e+00
1.024000000000000000e+03,4.587314163238854769e-01
1.025000000000000000e+03,1.941624798265282614e-01
1.026000000000000000e+03,1.795604365154791771e-01
1.027000000000000000e+03,1.219035261721705066e+00
1.028000000000000000e+03,9.081266599695164699e-01
1.029000000000000000e+03,1.442075712299741408e+00
1.030000000000000000e+03,1.347621584334156020e-01
1.031000000000000000e+03,6.753219449354538328e-01
1.032000000000000000e+03,-1.383697668982424744e+00
1.033000000000000000e+03,-3.807686187556362789e-01
1.034000000000000000e+03,-3.428293004348221262e-01
1.035000000000000000e+03,4.239791742312293277e-01
1.036000000000000000e+03,7.878494383160487002e-01
1.037000000000000000e+03,6.187474861443937879e-01
1.038000000000000000e+03,-2.623392959440346561e-01
1.039000000000000000e+03,6.042265709936706086e-01
1.040000000000000000e+03,3.914834481068072969e-01
1.041000000000000000e+03,-5.105222385339852620e-01
1.042000000000000000e+03,-6.127653136101035569e-01
1.043000000000000000e+03,-2.196374398269242523e+00
1.044000000000000000e+03,1.081191315509957729e+00
1.045000000000000000e+03,-1.828420117847263882e+00
1.046000000000000000e+03,-5.517895152931527880e-01
1.047000000000000000e+03,-1.474941603024098491e+00
1.048000000000000000e+03,4.757668851737901355e-02
1.049000000000000000e+03,6.053737386944986199e-01
1.050000000000000000e+03,1.723973574585482949e+00
1.051000000000000000e+03,-5.740744916062135994e-01
1.052000000000000000e+03,-3.507357224234047277e-01
1.053000000000000000e+03,4.877293649111487106e+00
1.054000000000000000e+03,3.080161670447775890e+00
1.055000000000000000e+03,3.112176469891758224e+00
1.056000000000000000e+03,2.119906579923933609e+00
1.057000000000000000e+03,1.902768196568578540e+00
1.058000000000000000e+03,4.336070877574208282e+00
1.059000000000000000e+03,2.773083807729102013e+00
1.060000000000000000e+03,7.470435585420078795e-01
1.061000000000000000e+03,2.320220548559397855e+00
1.062000000000000000e+03,2.095953631931236849e+00
1.063000000000000000e+03,2.511337247263314421e+00
1.064000000000000000e+03,1.400424201423009718e+00
1.065000000000000000e+03,2.973321149939116115e+00
1.066000000000000000e+03,1.441551977373609184e+00
1.067000000000000000e+03,4.520480533969354120e+00
1.068000000000000000e+03,2.729631966277923816e+00
1.069000000000000000e+03,1.319364856729554836e+00
1.070000000000000000e+03,3.603835261460083483e+00
1.071000000000000000e+03,3.479716376422051116e+00
1.072000000000000000e+03,2.479657543867201497e+00
1.073000000000000000e+03,3.467986572527713474e+00
1.074000000000000000e+03,2.357053996227466808e+00
1.075000000000000000e+03,3.032660611667395756e+00
1.076000000000000000e+03,4.051750619462135106e+00
1.077000000000000000e+03,1.616824353253848878e+00
1.078000000000000000e+03,2.654604137269851005e+00
1.079000000000000000e+03,3.112795021481551405e+00
1.080000000000000000e+03,2.622845253648097952e+00
1.081000000000000000e+03,2.574186364539261085e+00
1.082000000000000000e+03,4.373178718279874033e+00
1.083000000000000000e+03,4.755816131904865074e+00
1.084000000000000000e+03,1.297413456148550859e+00
1.085000000000000000e+03,2.699110612691329791e+00
1.086000000000000000e+03,3.458787412888439494e+00
1.087000000000000000e+03,3.270664720305331841e+00
1.088000000000000000e+03,2.049702915780320822e+00
1.089000000000000000e+03,2.725929868493362829e+00
1.090000000000000000e+03,2.452630691093066417e+00
1.091000000000000000e+03,4.004848878534470913e+00
1.092000000000000000e+03,2.342930995454036491e+00
1.093000000000000000e+03,3.352796470097918480e+00
1.094000000000000000e+03,3.853939302833905067e+00
1.095000000000000000e+03,2.422463803087187895e+00
1.096000000000000000e+03,3.041886047832526252e+00
1.097000000000000000e+03,2.829679435391171172e+00
1.098000000000000000e+03,3.408270352335948328e+00
1.099000000000000000e+03,1.524681314513777197e+00
1.100000000000000000e+03,1.644244870179223161e+00
1.101000000000000000e+03,5.415261254123825196e+00
1.102000000000000000e+03,2.692185529736850658e+00
1.103000000000000000e+03,3.312929628078901345e+00
1.104000000000000000e+03,3.005960066877344961e+00
1.105000000000000000e+03,3.573691650790642882e+00
1.106000000000000000e+03,1.983094049322651653e+00
1.107000000000000000e+03,3.584343897336269347e+00
1.108000000000000000e+03,2.283307801198289244e+00
1.109000000000000000e+03,8.913176580161918938e-01
1.110000000000000000e+03,2.584355936769322071e+00
1.111000000000000000e+03,2.832415880718402335e+00
1.112000000000000000e+03,4.267903519219434116e+00
1.113000000000000000e+03,2.830828168995694671e+00
1.114000000000000000e+03,1.760273380095374263e+00
1.115000000000000000e+03,1.861895351032817558e+00
1.116000000000000000e+03,3.662556391297870917e+00
1.117000000000000000e+03,1.672102426976562306e+00
1.118000000000000000e+03,2.198839723878892816e+00
1.119000000000000000e+03,3.475600635923587589e+00
1.120000000000000000e+03,5.784741665117334009e+00
1.121000000000000000e+03,3.289216141564475393e+00
1.122000000000000000e+03,1.852085419159748447e+00
1.123000000000000000e+03,3.034391240198654138e+00
1.124000000000000000e+03,3.606874563918131216e+00
1.125000000000000000e+03,2.735549106690247090e+00
1.126000000000000000e+03,3.506418799298200106e+00
1.127000000000000000e+03,4.435122734406700573e+00
1.128000000000000000e+03,4.345543918087506619e+00
1.129000000000000000e+03,1.467190795056088071e+00
1.130000000000000000e+03,3.072964874648596911e+00
1.131000000000000000e+03,3.355098144961252693e+00
1.132000000000000000e+03,2.791341398568043530e+00
1.133000000000000000e+03,3.698805029731150107e+00
1.134000000000000000e+03,2.484901864534403870e+00
1.135000000000000000e+03,2.936340454609771999e+00
1.136000000000000000e+03,2.044284083590841128e+00
1.137000000000000000e+03,2.899279064539534989e+00
1.138000000000000000e+03,-1.936043864107164891e+00
1.139000000000000000e+03,2.189736481057971140e+00
1.140000000000000000e+03,2.929596460673645986e+00
1.141000000000000000e+03,5.359591388218964969e-01
1.142000000000000000e+03,8.908390331990159727e-02
1.143000000000000000e+03,-6.309454088461529109e-01
1.144000000000000000e+03,-8.720344755018218930e-01
1.145000000000000000e+03,-8.058999826944954759e-01
1.146000000000000000e+03,1.843885780176288403e-01
1.147000000000000000e+03,-3.378657509637773004e-01
1.148000000000000000e+03,1.211737713147407858e+00
1.149000000000000000e+03,-1.165926550667310213e+00
1.150000000000000000e+03,-7.674992903687697376e-01
1.151000000000000000e+03,1.283846032870606946e+00
1.152000000000000000e+03,-3.213303816797908885e-01
1.153000000000000000e+03,-1.040987797010562849e-01
1.154000000000000000e+03,-6.758246804496527149e-01
1.155000000000000000e+03,-1.192866033302375950e+00
1.156000000000000000e+03,-1.527470772080995909e+00
1.157000000000000000e+03,1.197260195873039779e+00
1.158000000000000000e+03,-2.502402351156210347e+00
1.159000000000000000e+03,7.023372892227629505e-01
1.160000000000000000e+03,-1.173109413971663795e+00
1.161000000000000000e+03,9.978630438656537205e-01
1.162000000000000000e+03,3.760702615775343011e-02
1.163000000000000000e+03,-6.890087219773333160e-02
1.164000000000000000e+03,1.068408637561627961e+00
1.165000000000000000e+03,-4.533143200343405649e-02
1.166000000000000000e+03,9.379626825914620658e-02
1.167000000000000000e+03,2.332342393476307119e-01
1.168000000000000000e+03,8.623011550728002517e-01
1.169000000000000000e+03,7.150506574253352454e-01
1.170000000000000000e+03,-5.597531114223176507e-01
1.171000000000000000e+03,5.756132973536545183e-01
1.172000000000000000e+03,1.813233094500600107e+00
1.173000000000000000e+03,-1.005736954008730866e+00
1.174000000000000000e+03,7.893738654068890304e-01
1.175000000000000000e+03,-4.090993744882778782e-02
1.176000000000000000e+03,-1.686703488225206771e+00
1.177000000000000000e+03,5.467624125398342638e-01
1.178000000000000000e+03,-7.410511842293052709e-01
1.179000000000000000e+03,2.868595467448841752e-01
1.180000000000000000e+03,3.596963202318311792e-01
1.181000000000000000e+03,-1.008860071107722627e-02
1.182000000000000000e+03,2.740837689201836458e+00
1.183000000000000000e+03,3.720745712302561681e-01
1.184000000000000000e+03,3.786449876134359016e-01
1.185000000000000000e+03,2.462331432760904160e-01
1.186000000000000000e+03,-4.906789838233305834e-01
1.187000000000000000e+03,1.048972683168032383e+00
1.188000000000000000e+03,4.450395400526327983e-01
1.189000000000000000e+03,-1.054868343781389051e+00
1.190000000000000000e+03,1.913852551564042770e+00
1.191000000000000000e+03,-4.041405603385651579e-01
1.192000000000000000e+03,5.554042298240775555e-01
1.193000000000000000e+03,9.188647874421606021e-01
1.194000000000000000e+03,-1.830161542748330872e+00
1.195000000000000000e+03,1.625110044950951460e+00
1.196000000000000000e+03,-1.644500394546408728e-01
1.197000000000000000e+03,6.393678944709091372e-02
1.198000000000000000e+03,-3.491156401391468656e-01
1.199000000000000000e+03,1.004772515832817792e+00
1.200000000000000000e+03,6.818021789713940572e-01
1.201000000000000000e+03,2.547648629430919520e+00
1.202000000000000000e+03,1.271903523102752231e+00
1.203000000000000000e+03,8.392921836605905517e-01
1.204000000000000000e+03,1.420004772259298775e+00
1.205000000000000000e+03,2.969325035212853070e-01
1.206000000000000000e+03,-5.409023852221739315e-02
1.207000000000000000e+03,1.417627477643450096e+00
1.208000000000000000e+03,9.507120723608818436e-01
1.209000000000000000e+03,-3.042160169304212181e-01
1.210000000000000000e+03,2.249353845177534339e+00
1.211000000000000000e+03,1.954863974511350744e+00
1.212000000000000000e+03,1.738925756821577906e+00
1.213000000000000000e+03,9.974723626065137294e-01
1.214000000000000000e+03,2.159445179019418681e+00
1.215000000000000000e+03,1.651805448747012406e-02
1.216000000000000000e+03,1.805110581329097963e+00
1.217000000000000000e+03,9.527719832316097204e-01
1.218000000000000000e+03,1.306552827749717371e+00
1.219000000000000000e+03,3.044748953527178337e+00
1.220000000000000000e+03,1.278717556178733838e+00
1.221000000000000000e+03,1.549726100942860896e+00
1.222000000000000000e+03,1.692539825308226220e+00
1.223000000000000000e+03,1.935476629473761978e+00
1.224000000000000000e+03,-2.036747847443456383e-01
1.225000000000000000e+03,7.667435755792536556e-01
1.226000000000000000e+03,-7.106800960329877626e-01
1.227000000000000000e+03,1.195618431781468427e+00
1.228000000000000000e+03,2.149668780762029385e+00
1.229000000000000000e+03,2.990095493870426058e-01
1.230000000000000000e+03,1.832843487649662650e+00
1.231000000000000000e+03,1.072324752008917192e+00
1.232000000000000000e+03,2.462461600340788870e+00
1.233000000000000000e+03,3.449047966159913603e+00
1.234000000000000000e+03,1.438461755779172346e+00
1.235000000000000000e+03,1.944751710390655752e+00
1.236000000000000000e+03,3.900911723756523841e-01
1.237000000000000000e+03,1.959993247969563424e+00
1.238000000000000000e+03,2.533198714469671931e+00
1.239000000000000000e+03,2.097654768162376282e+00
1.240000000000000000e+03,1.227835765873811047e+00
1.241000000000000000e+03,2.581354651005266287e+00
1.242000000000000000e+03,5.439152650855805238e-01
1.243000000000000000e+03,2.671612179167472956e+00
1.244000000000000000e+03,1.724574977222554928e+00
1.245000000000000000e+03,1.510857868077731148e+00
1.246000000000000000e+03,1.824374635490502827e+00
1.247000000000000000e+03,2.027478970993963792e+00
1.248000000000000000e+03,5.331185347763693905e-01
1.249000000000000000e+03,1.469206489023830997e+00
1.250000000000000000e+03,2.753487457862594301e+00
1.251000000000000000e+03,1.682752350940824204e+00
1.252000000000000000e+03,3.469855126544637791e+00
1.253000000000000000e+03,1.248126380128816937e+00
1.254000000000000000e+03,1.646149350989814408e+00
1.255000000000000000e+03,1.065998567595843660e+00
1.256000000000000000e+03,3.071077012704557241e+00
1.257000000000000000e+03,2.318148725082308292e+00
1.258000000000000000e+03,1.928625615691687223e+00
1.259000000000000000e+03,1.669390120911078412e+00
1.260000000000000000e+03,2.842232645553735004e+00
1.261000000000000000e+03,2.431853552312270850e+00
1.262000000000000000e+03,2.874796822076274516e+00
1.263000000000000000e+03,5.603809609504426525e-01
1.264000000000000000e+03,2.296874912260125967e+00
1.265000000000000000e+03,1.749846359170701193e+00
1.266000000000000000e+03,-1.597592929527941408e+00
1.267000000000000000e+03,-7.267523777088065184e-01
1.268000000000000000e+03,8.324121819218877061e-01
1.269000000000000000e+03,2.034418883825029667e+00
1.270000000000000000e+03,1.327521176818154680e-01
1.271000000000000000e+03,-1.056412187626277199e-01
1.272000000000000000e+03,7.667117490492095788e-01
1.273000000000000000e+03,1.248011226021970566e-01
1.274000000000000000e+03,3.485760578373584551e-01
1.275000000000000000e+03,6.995726902062453512e-01
1.276000000000000000e+03,8.506954695149389067e-01
1.277000000000000000e+03,-3.529171559881703196e-02
1.278000000000000000e+03,7.312907012182213728e-01
1.279000000000000000e+03,1.356453854234169198e-01
1.280000000000000000e+03,5.333304237108594803e-01
1.281000000000000000e+03,-4.897146640736781964e-01
1.282000000000000000e+03,3.646246383119636225e-01
1.283000000000000000e+03,1.565616508315323951e-01
1.284000000000000000e+03,-6.668882563066572677e-01
1.285000000000000000e+03,6.513941152257201050e-01
1.286000000000000000e+03,-3.301834788758387096e-01
1.287000000000000000e+03,-9.505723762950786249e-01
1.288000000000000000e+03,-3.859683892801012428e-01
1.289000000000000000e+03,9.234310421503296729e-01
1.290000000000000000e+03,-1.516038292488642192e+00
1.291000000000000000e+03,1.035498808438777951e+00
1.292000000000000000e+03,-1.210706769460127896e+00
1.293000000000000000e+03,4.867053784669855276e-01
1.294000000000000000e+03,7.534129958565899399e-01
1.295000000000000000e+03,-9.890398218867718638e-01
1.296000000000000000e+03,-1.032532683011049057e+00
1.297000000000000000e+03,4.877519366857946959e-01
1.298000000000000000e+03,-8.466138339815283687e-02
1.299000000000000000e+03,-1.340009582800806509e+00
1.300000000000000000e+03,-1.093980711095276170e+00
1.301000000000000000e+03,6.265380094890155016e-01
1.302000000000000000e+03,7.669329165066474108e-01
1.303000000000000000e+03,4.737234861966826971e-01
1.304000000000000000e+03,-1.257306966673835680e+00
1.305000000000000000e+03,5.972155412656662277e-01
1.306000000000000000e+03,1.249990667007860212e+00
1.307000000000000000e+03,9.774108295954002379e-02
1.308000000000000000e+03,-2.668903843702462031e-01
1.309000000000000000e+03,2.372314474652889693e+00
1.310000000000000000e+03,1.124752558188773399e+00
1.311000000000000000e+03,1.013147219594424664e+00
1.312000000000000000e+03,2.303857846766855566e+00
1.313000000000000000e+03,2.599303870947140549e+00
1.314000000000000000e+03,4.028048553244726548e+00
1.315000000000000000e+03,1.671802432588399334e+00
1.316000000000000000e+03,2.551992871213064618e+00
1.317000000000000000e+03,3.303718524645076204e+00
1.318000000000000000e+03,4.027181197933628276e+00
1.319000000000000000e+03,1.901474264669476000e+00
1.320000000000000000e+03,3.122095670410103274e+00
1.321000000000000000e+03,1.385348142453091125e+00
1.322000000000000000e+03,2.813051358112255596e+00
1.323000000000000000e+03,3.497619625586418479e+00
1.324000000000000000e+03,2.023419476804165562e+00
1.325000000000000000e+03,6.008300335832723604e-01
1.326000000000000000e+03,1.883556605715813959e+00
1.327000000000000000e+03,2.027148333127870572e+00
1.328000000000000000e+03,1.298242862081814275e+00
1.329000000000000000e+03,3.102621485370481658e+00
1.330000000000000000e+03,3.428968918993583692e+00
1.331000000000000000e+03,2.525164645255011830e+00
1.332000000000000000e+03,5.280041957387306084e+00
1.333000000000000000e+03,2.888986647146635001e+00
1.334000000000000000e+03,2.537930643514543227e+00
1.335000000000000000e+03,2.811613098801449606e+00
1.336000000000000000e+03,2.721875318466233207e+00
1.337000000000000000e+03,2.928962037019057885e+00
1.338000000000000000e+03,2.605955227701695076e+00
1.339000000000000000e+03,2.520665977316820960e+00
1.340000000000000000e+03,2.468241305262653729e+00
1.341000000000000000e+03,4.305639524918188243e+00
1.342000000000000000e+03,3.188480618510073139e+00
1.343000000000000000e+03,3.964676741581505404e-01
1.344000000000000000e+03,3.567650543096598348e+00
1.345000000000000000e+03,1.453323420482263817e+00
1.346000000000000000e+03,1.352633570147619091e+00
1.347000000000000000e+03,2.811976855500846195e+00
1.348000000000000000e+03,3.745201975548869910e+00
1.349000000000000000e+03,1.997373988607068718e+00
1.350000000000000000e+03,3.305903364798556510e+00
1.351000000000000000e+03,2.658287961576667247e+00
1.352000000000000000e+03,2.888380282798546528e+00
1.353000000000000000e+03,2.268528508737735816e+00
1.354000000000000000e+03,3.511786890901957392e+00
1.355000000000000000e+03,3.090320612986619864e+00
1.356000000000000000e+03,3.224225587995456888e+00
1.357000000000000000e+03,2.735834165803750828e+00
1.358000000000000000e+03,3.024522381586104203e+00
1.359000000000000000e+03,3.498358796168246521e+00
1.360000000000000000e+03,2.698622468122405138e+00
1.361000000000000000e+03,3.101875920375754880e+00
1.362000000000000000e+03,2.886610204633824672e+00
1.363000000000000000e+03,2.310114492148770626e+00
1.364000000000000000e+03,2.720085886573015976e+00
1.365000000000000000e+03,2.614534181948142688e+00
1.366000000000000000e+03,2.798947737053189222e+00
1.367000000000000000e+03,2.386721166540426431e+00
1.368000000000000000e+03,3.265742466811842437e+00
1.369000000000000000e+03,2.202946356570093300e+00
1.370000000000000000e+03,2.585085157740891315e+00
1.371000000000000000e+03,4.025903709693657184e+00
1.372000000000000000e+03,4.588231390633570328e+00
1.373000000000000000e+03,1.592587072419570760e+00
1.374000000000000000e+03,3.243563840019954014e-01
1.375000000000000000e+03,3.890243164190716030e+00
1.376000000000000000e+03,1.580420794142374019e+00
1.377000000000000000e+03,3.547095720666888496e+00
1.378000000000000000e+03,2.951196658827233144e+00
1.379000000000000000e+03,3.493825645939668156e+00
1.380000000000000000e+03,1.745076378197270239e+00
1.381000000000000000e+03,1.819573298967304797e+00
1.382000000000000000e+03,2.381412391290222974e+00
1.383000000000000000e+03,2.529578449432412501e+00
1.384000000000000000e+03,2.339442946144187907e+00
1.385000000000000000e+03,2.852997019810171953e+00
1.386000000000000000e+03,4.278042589905403759e+00
1.387000000000000000e+03,2.223455979420761786e+00
1.388000000000000000e+03,1.975675778571431618e+00
1.389000000000000000e+03,2.241631570333380896e+00
1.390000000000000000e+03,3.809722853264459808e+00
1.391000000000000000e+03,5.233823761180276257e-01
1.392000000000000000e+03,3.441378927081374606e+00
1.393000000000000000e+03,9.487825908866880376e-01
1.394000000000000000e+03,-1.328158138357114826e+00
1.395000000000000000e+03,-1.941008801996316091e+00
1.396000000000000000e+03,-1.462388964775689582e+00
1.397000000000000000e+03,2.141381854945949292e-01
1.398000000000000000e+03,-1.936238655298181621e+00
1.399000000000000000e+03,-1.263078880134420601e-01
1.400000000000000000e+03,-1.714794152605235988e-01
1.401000000000000000e+03,1.347268536300319841e+00
1.402000000000000000e+03,1.815750104829811473e+00
1.403000000000000000e+03,5.507633446473854388e-02
1.404000000000000000e+03,-3.748470197188819020e-01
1.405000000000000000e+03,-1.297906833370604085e+00
1.406000000000000000e+03,6.029968060467052471e-01
1.407000000000000000e+03,3.187675569349597282e-01
1.408000000000000000e+03,3.029510474208427229e-01
1.409000000000000000e+03,1.637398200860180619e+00
1.410000000000000000e+03,1.373197276351405760e+00
1.411000000000000000e+03,-3.357611609282465936e-01
1.412000000000000000e+03,7.189572837295686858e-01
1.413000000000000000e+03,7.425302566196795295e-01
1.414000000000000000e+03,-6.426826185064418162e-01
1.415000000000000000e+03,1.292642263514507173e+00
1.416000000000000000e+03,-1.281566420772343839e+00
1.417000000000000000e+03,3.261015287727797030e-01
1.418000000000000000e+03,7.940323979946825594e-02
1.419000000000000000e+03,-7.784635095551178767e-03
1.420000000000000000e+03,7.015200927523196350e-01
1.421000000000000000e+03,2.814251720860066475e-01
1.422000000000000000e+03,5.379694454511212143e-02
1.423000000000000000e+03,3.269559530835242644e-01
1.424000000000000000e+03,1.050011392105887786e+00
1.425000000000000000e+03,1.678914926320598106e-02
1.426000000000000000e+03,1.036749083476395272e+00
1.427000000000000000e+03,5.541498313208823717e-02
1.428000000000000000e+03,2.285961390289388717e+00
1.429000000000000000e+03,-1.224854786953635255e+00
1.430000000000000000e+03,-9.605752617265546078e-01
1.431000000000000000e+03,-1.799825794323271166e+00
1.432000000000000000e+03,8.899183879074769044e-01
1.433000000000000000e+03,-1.280128777983671640e+00
1.434000000000000000e+03,1.267348125251075208e+00
1.435000000000000000e+03,2.879043875249924778e-01
1.436000000000000000e+03,8.299414939729083951e-01
1.437000000000000000e+03,-5.621578232843098544e-01
1.438000000000000000e+03,-6.063957727742071979e-01
1.439000000000000000e+03,-1.644902358750811366e+00
1.440000000000000000e+03,4.124823674764293013e-01
1.441000000000000000e+03,1.021646013194557195e-01
1.442000000000000000e+03,8.802654717156588315e-01
1.443000000000000000e+03,6.887350912853528184e-01
1.444000000000000000e+03,-7.140735931623691801e-01
1.445000000000000000e+03,-1.570733457364694718e+00
1.446000000000000000e+03,1.956004916501252522e+00
1.447000000000000000e+03,5.857618111075963974e-01
1.448000000000000000e+03,1.904876643948714587e+00
1.449000000000000000e+03,1.629554076402825569e+00
1.450000000000000000e+03,2.935844730355576804e-01
1.451000000000000000e+03,1.533566935426159406e+00
1.452000000000000000e+03,7.233905495623611515e-01
1.453000000000000000e+03,-3.493872251156698860e-01
1.454000000000000000e+03,6.015067755072743827e-01
1.455000000000000000e+03,2.361570374252507598e+00
1.456000000000000000e+03,-8.900509603751697307e-01
1.457000000000000000e+03,2.545412948811023868e-01
1.458000000000000000e+03,9.144366935355972004e-01
1.459000000000000000e+03,-1.385222231967954132e+00
1.460000000000000000e+03,2.059063437683887443e+00
1.461000000000000000e+03,1.253632922347646561e+00
1.462000000000000000e+03,1.975040546962357757e-01
1.463000000000000000e+03,-7.946175365463848950e-01
1.464000000000000000e+03,5.080149275446053103e-01
1.465000000000000000e+03,3.147967360274551041e+00
1.466000000000000000e+03,2.608637239035155986e+00
1.467000000000000000e+03,1.753615494993744139e+00
1.468000000000000000e+03,1.132715412403207278e+00
1.469000000000000000e+03,2.687034163814493226e+00
1.470000000000000000e+03,1.139244602140214058e+00
1.471000000000000000e+03,2.081759620707458680e+00
1.472000000000000000e+03,2.829065107520063460e+00
1.473000000000000000e+03,1.207029509484097485e+00
1.474000000000000000e+03,1.414647862720686877e+00
1.475000000000000000e+03,1.702988425202251577e+00
1.476000000000000000e+03,-5.893539813917358927e-02
1.477000000000000000e+03,7.877330301996251505e-01
1.478000000000000000e+03,8.105665727368336348e-01
1.479000000000000000e+03,2.376770064886320810e+00
1.480000000000000000e+03,1.759749807984766878e+00
1.481000000000000000e+03,1.467163167192350848e+00
1.482000000000000000e+03,-3.450829445260983341e-02
1.483000000000000000e+03,2.351862647010778851e+00
1.484000000000000000e+03,1.682487538714735109e+00
1.485000000000000000e+03,1.031088103855134719e+00
1.486000000000000000e+03,1.492002794970781920e+00
1.487000000000000000e+03,8.389632984571198104e-01
1.488000000000000000e+03,1.504027084877722409e+00
1.489000000000000000e+03,3.466274259171886030e+00
1.490000000000000000e+03,3.838060680505051003e+00
1.491000000000000000e+03,2.401946450101964281e+00
1.492000000000000000e+03,1.289954781371092096e+00
1.493000000000000000e+03,3.128382409543109866e+00
1.494000000000000000e+03,2.958347504805351580e+00
1.495000000000000000e+03,3.046492975774925061e+00
1.496000000000000000e+03,1.768323452784770433e+00
1.497000000000000000e+03,1.535885683742730157e+00
1.498000000000000000e+03,2.598882667377846012e+00
1.499000000000000000e+03,5.062595636891615847e-01
1.500000000000000000e+03,3.248433835375730272e+00
1.501000000000000000e+03,3.360407847048207053e+00
1.502000000000000000e+03,1.524004001769931005e+00
1.503000000000000000e+03,3.364572760280553076e+00
1.504000000000000000e+03,3.684658209187428923e+00
1.505000000000000000e+03,1.170965290008570303e+00
1.506000000000000000e+03,2.867393751365984400e+00
1.507000000000000000e+03,4.238800997605873810e+00
1.508000000000000000e+03,1.104266993373538508e+00
1.509000000000000000e+03,2.968258014663087252e+00
1.510000000000000000e+03,1.825903527063461596e+00
1.511000000000000000e+03,3.457075999236063346e+00
1.512000000000000000e+03,1.468097801531138780e+00
1.513000000000000000e+03,2.664603038447644234e+00
1.514000000000000000e+03,2.124536689096586439e+00
1.515000000000000000e+03,1.794562086880869822e+00
1.516000000000000000e+03,2.158415742599927967e+00
1.517000000000000000e+03,2.428111499607092494e+00
1.518000000000000000e+03,1.931651925768230527e+00
1.519000000000000000e+03,2.753800785974851895e+00
1.520000000000000000e+03,1.476120746418967178e+00
1.521000000000000000e+03,2.072243596557204803e+00
1.522000000000000000e+03,-2.993499147715056874e-01
1.523000000000000000e+03,-5.220118828554617396e-01
1.524000000000000000e+03,-1.831238492537660356e+00
1.525000000000000000e+03,5.696107423841333811e-02
1.526000000000000000e+03,-1.437203637059796923e+00
1.527000000000000000e+03,-2.254719546419747533e-01
1.528000000000000000e+03,-2.825223122734152326e-01
1.529000000000000000e+03,1.100280004831585834e-01
1.530000000000000000e+03,-2.071814924319101414e-01
1.531000000000000000e+03,1.650073687389169708e-01
1.532000000000000000e+03,1.618264430936884324e-01
1.533000000000000000e+03,-6.163945545495806977e-01
1.534000000000000000e+03,4.111450876788622089e-02
1.535000000000000000e+03,1.453561845841263300e-01
